Mã Dịch Vụ,Tên Gói Dịch Vụ,Phân Loại,Đơn Giá (VNĐ),Đơn Vị Tính,Khách Tối Thiểu,Thời Lượng,Đối Tượng,Mô Tả
"TOUR-0.5D-AGRI","Tour Nửa Ngày: Nông Dân Nhí Tập Sự","tours",180000,"khách/học sinh",25,"04 giờ (Sáng hoặc Chiều)","Mầm non & Tiểu học (Lớp 1-3)","Trồng rau muống hữu cơ, tưới nước bằng gáo dừa, cho cừu và thỏ ăn, bắt cá lội mương truyền thống, thưởng thức khoai luộc mật ong."
"TOUR-1D-ECO","Tour Trọn Ngày: Hành Trình Khám Phá Rừng & Nông Nghiệp Xanh","tours",320000,"khách/học sinh",30,"08:00 - 16:30","Tiểu học & THCS","Trọn gói gồm: Hoạt động làm nông dân, thu hoạch dâu/cà chua, làm bánh trôi nước, thi bắt cá, ăn trưa mâm cơm quê dinh dưỡng, nghỉ trưa nhà sàn, làm tranh lá cây."
"TOUR-2D1N-SURVIVE","Tour 2N1Đ: Kỹ Năng Sinh Tồn & Đêm Lửa Trại Khát Vọng","tours",650000,"khách/học sinh",20,"2 ngày 1 đêm (Check-in 14:00 - Check-out 12:00)","Học sinh THCS, THPT & Đội nhóm","Dựng lều sinh tồn, lọc nước tự nhiên, định vị phương hướng bằng la bàn & sao trời, tiệc BBQ lửa trại, thi văn nghệ acoustic, trekking rừng thông."
"TOUR-FAMILY-DAY","Gói Trải Nghiệm Gia Đình: Cuối Tuần Về Với Thiên Nhiên","tours",850000,"combo gia đình 4 người",1,"01 ngày","Hộ gia đình (Bố mẹ & 1-2 con)","Trải nghiệm thu hoạch vườn quả sinh thái, câu cá thư giãn, chèo thuyền kayak trên hồ sinh thái, làm pizza thảo mộc ngoài trời."
"ACC-BUNGALOW","Bungalow Gỗ Ven Suối (View Đồi)","accommodations",950000,"phòng/đêm",1,"Check-in 14:00 | Check-out 12:00","Gia đình nhỏ hoặc Cặp đôi (2-3 người)","Bungalow gỗ thông tự nhiên, hiên uống trà view hồ sen và suối róc rách, trang bị điều hòa 2 chiều, bồn tắm gỗ thảo dược, ban công thoáng đãng."
"ACC-STILT-HOUSE","Nhà Sàn Truyền Thống Hoa Ban (Tập Thể)","accommodations",3500000,"nguyên căn/đêm",20,"Check-in 13:30 | Check-out 11:30","Đoàn học sinh / Công ty (30 - 45 khách)","Nhà sàn gỗ lim Tây Bắc rộng 180m2, sàn gỗ sạch bóng, chăn ga gối đệm thổ cẩm cao cấp, 6 phòng vệ sinh khép kín hiện đại, quạt công nghiệp mát rượi."
"ACC-GLAMPING","Khu Lều Glamping Trải Nghiệm Mông Cổ","accommodations",680000,"lều/đêm",1,"Check-in 15:00 | Check-out 11:00","Nhóm bạn trẻ / Gia đình (2 - 4 người/lều)","Lều vải canvas chống nước phong cách Bohemian, đệm êm ái, quạt điều hòa hơi nước, đèn led trang trí lung linh lãng mạn giữa vườn bưởi sinh thái."
"ACC-DAY-REST","Phòng Tập Thể Nghỉ Trưa Đoàn Trường","accommodations",800000,"phòng/ca trưa (11:30 - 13:30)",25,"2 tiếng nghỉ trưa","Học sinh đi tour trong ngày","Phòng sinh hoạt chung có điều hòa mát mẻ, chiếu cỏ và quạt cho học sinh chợp mắt sau giờ ăn trưa trước khi vào hoạt động buổi chiều."
"MEAL-KIDS","Suất Cơm Nông Dân Nhí (Dành cho Học Sinh)","dining",65000,"suất",20,"Phục vụ bữa trưa","Học sinh mầm non, tiểu học","Thực đơn 5 món: Cơm tám thơm, Gà đồi chiên xù/sốt mật ong, Thịt nạc xào ngô ngọt, Trứng cuộn rau củ, Canh sườn rau ngót, Tráng miệng chuối ngự tiêu chuẩn VietGAP."
"MEAL-COUNTRYSIDE","Mâm Cơm Quê Thảo Dược (6 Người)","dining",680000,"mâm (6 người)",1,"Trưa hoặc Tối","Giáo viên, Phụ huynh, Gia đình","Gà đồi hấp lá chanh, Cá suối chiên giòn chấm mắm tỏi, Thịt ba chỉ rang cháy cạnh, Rau rừng xào tỏi, Nộm hoa chuối tai heo, Canh cua đồng mồng tơi cà pháo."
"MEAL-BBQ-NIGHT","Set Tiệc BBQ Nướng Lửa Trại","dining",220000,"người",10,"18:30 - 21:00","Khách lưu trú qua đêm / Đoàn teambuilding","Thịt bò tảng sốt thảo mộc, Ba chỉ heo cuộn nấm kim châm, Cánh gà ướp mật ong rừng, Xúc xích nướng than, Ngô nướng bơ, Khoai lang mật, Salad rau củ quả sốt chanh leo."
"WS-CAKE","Workshop: Làm Bánh Dân Gian (Bánh Trôi / Bánh Ít)","workshops",45000,"học sinh/người",15,"45 phút","Mọi lứa tuổi","Nghệ nhân hướng dẫn nhào bột gạo nếp cái hoa vàng, nặn bánh với đường phèn mật mía, luộc bánh và thưởng thức thành phẩm nóng hổi."
"WS-PLANT","Workshop: Tái Chế Xanh & Trồng Sen Đá Tự Chọn","workshops",50000,"người",10,"45 - 60 phút","Học sinh từ 6 tuổi & Người lớn","Tận dụng chậu xơ dừa hoặc gáo dừa vẽ tranh trang trí, tự tay phối trộn đất xốp dinh dưỡng và trồng 1 cây sen đá mang về chăm sóc."
"WS-POTTERY","Workshop: Nghệ Thuật Nặn Gốm Vuốt Tay Cổ Truyền","workshops",60000,"người",10,"60 phút","Học sinh & Gia đình","Nghệ nhân làng gốm hướng dẫn kỹ thuật xoay bàn xoay, vuốt tay tạo hình bát, lọ hoa, con giống từ đất sét tự nhiên."
"SRV-CAMPFIRE","Gói Lửa Trại & Hệ Thống Loa Kéo / Âm Thanh Acoustic","services",850000,"gói/buổi tối",1,"3 tiếng (19:00 - 22:00)","Đoàn qua đêm / Gala","Củi lửa trại đốt ngoài trời, 02 micro không dây, loa kéo công suất lớn 600W, hỗ trợ châm lửa bùng cháy an toàn và 1 giỏ ngô khoai nướng."
"SRV-GUIDE","Hướng Dẫn Viên Sinh Thái & Hoạt Náo Viên Chuyên Tuyến","services",500000,"HDV/ngày",1,"Cả ngày (08:00 - 17:00)","Đoàn trường hoặc đoàn đông","HDV được đào tạo bài bản về sinh thái học, kỹ năng quản trò, chăm sóc và quản lý an toàn cho học sinh xuyên suốt chuyến đi."
